term,type,B_D,W_D,estimate,dfcom,T_D,gamma_D,nu,nu2,nu_improved,L,U,std.error,Coefficient,LCI,UCI,variable,exposure
mvpa_recommended,Conditional,1.1745420023837998,9.724111015789612,-5.141367374645151,1106,11.016107218411792,0.11728246439566234,27.645797923980663,654.2991309218601,391.4669677267885,-11.658645757391792,1.3759110081014887,3.319052156627219,"-5.14 	(-11.66, 1.38)",-11.658645757391792,1.3759110081014887,TC,Physical Activity
steps1000_mean,Conditional,0.08225461082314287,0.16298197180098947,0.5522358207224587,1106,0.25346204370644665,0.356976810343441,12.534366476686298,70.62565685344875,64.23512188719047,-0.45170746168055786,1.556179103125475,0.5034501402387794,"0.55 	(-0.45, 1.56)",-0.45170746168055786,1.556179103125475,TC,Physical Activity
mvpa_recommended,Conditional,32.684997835645525,60.32967316280461,0.0808665005188249,1106,96.2831707820147,0.37341414213091173,12.273794263435743,64.54475935550404,59.036321144777475,-19.518467780991735,19.680200782029377,9.812398829135244,"0.08 	(-19.52, 19.68)",-19.518467780991735,19.680200782029377,TG,Physical Activity
steps1000_mean,Conditional,0.5963345750386224,1.0275882696116654,-2.697070296821757,1106,1.68355630215415,0.3896323703003922,12.040598537172517,59.28331062586536,54.48948272509535,-5.2931408098268555,-0.10099978381665942,1.2975192877773147,"-2.70 	(-5.29, -0.10)",-5.2931408098268555,-0.10099978381665942,TG,Physical Activity
mvpa_recommended,Conditional,0.16957186986840803,0.43354878268433905,-1.373779802110344,1106,0.6200778395395878,0.3008155508246319,13.66994496953575,99.45850851844928,88.10617069711672,-2.9361627627785594,0.1886031585578707,0.7874502140069478,"-1.37 	(-2.94, 0.19)",-2.9361627627785594,0.1886031585578707,HDLc,Physical Activity
steps1000_mean,Conditional,0.004007518107787396,0.009139986040059951,0.3427120127323939,1106,0.013548255958626087,0.3253754529017013,13.118969323366969,85.01057196352626,76.3014857164228,0.11128405684572021,0.5741399686190676,0.1163969757280063,"0.34 	(0.11, 0.57)",0.11128405684572021,0.5741399686190676,HDLc,Physical Activity
mvpa_recommended,Conditional,2.584478541803481,7.59306193710443,-2.8008248029650273,1106,10.43598833308826,0.2724156357064975,14.449565225059136,121.27700060600327,105.36832696141583,-9.196260618200412,3.5946110122703576,3.2304780347633164,"-2.80 	(-9.20, 3.59)",-9.196260618200412,3.5946110122703576,LDLc,Physical Activity
steps1000_mean,Conditional,0.08121074760775453,0.13289046920613093,0.844552348411264,1106,0.22222229157466092,0.40199307520198446,11.876856260377082,55.69360952448387,51.36089077856698,-0.09989918677372978,1.7890038835962576,0.4714045943503955,"0.84 	(-0.10, 1.79)",-0.09989918677372978,1.7890038835962576,LDLc,Physical Activity
mvpa_recommended,Conditional,0.6351032311063435,3.965776177966519,-4.502055216822812,1106,4.664389732183497,0.14977598235341763,22.118127820820312,401.19744259630437,281.0649911520998,-8.747836625785764,-0.2562738078598592,2.159719827242297,"-4.50 	(-8.75, -0.26)",-8.747836625785764,-0.2562738078598592,ApoA1,Physical Activity
steps1000_mean,Conditional,0.028288874968388295,0.0778937624078884,0.9166848183016686,1106,0.10901152487311552,0.2854538774817323,14.069684967180853,110.45124514259278,96.88593075567063,0.2623972141952242,1.5709724224081127,0.33016893384011087,"0.92 	(0.26, 1.57)",0.2623972141952242,1.5709724224081127,ApoA1,Physical Activity
mvpa_recommended,Conditional,2.5299853399649064,4.439575350027879,-5.279685937032116,1106,7.222559223989276,0.3853182490657731,12.100499273769502,60.618244235083345,55.6474361965604,-10.654322772782354,0.09495089871812112,2.6874819485885437,"-5.28 	(-10.65, 0.09)",-10.654322772782354,0.09495089871812112,ApoB,Physical Activity
steps1000_mean,Conditional,0.0816086661208681,0.07154318498242827,0.5067750336886505,1106,0.1613127177153832,0.5564938338671005,10.491700990953587,29.06175226201689,27.43346297634821,-0.31459016903602854,1.3281402364133292,0.40163754520137085,"0.51 	(-0.31, 1.33)",-0.31459016903602854,1.3281402364133292,ApoB,Physical Activity
mvpa_recommended,Conditional,0.014547069752941863,0.0636943941018689,-0.19361604888333478,1106,0.07969617083010495,0.20078476244923218,17.59078757230935,223.24462288789073,178.1659801521016,-0.7499398025239443,0.3627077047572747,0.2823051023805715,"-0.19 	(-0.75, 0.36)",-0.7499398025239443,0.3627077047572747,hsCRP,Physical Activity
steps1000_mean,Conditional,5.336456155106301e-4,0.0012123406575489436,-0.007951488651358732,1106,0.0017993508346106368,0.3262344206424407,13.101389365514786,84.56349953603521,75.9312591306559,-0.09229762446252501,0.07639464715980751,0.042418755693804086,"-0.01 	(-0.09, 0.08)",-0.09229762446252501,0.07639464715980751,hsCRP,Physical Activity
mvpa_recommended,Conditional,0.1607084768458786,0.4427398787694007,0.2673109047642889,1106,0.6195192032998672,0.28534922499391774,14.072576663372374,110.53227649798667,96.95001947142607,-1.2924439479411582,1.8270657574697358,0.7870954219787251,"0.27 	(-1.29, 1.83)",-1.2924439479411582,1.8270657574697358,Insulin,Physical Activity
steps1000_mean,Conditional,0.0019457552364657504,0.007354749017186494,-0.22486754756452626,1106,0.009495079777298819,0.22541472113056976,16.24799557510764,177.1242234975842,146.732006862023,-0.41716561721902845,-0.0325694779100241,0.09744269996925793,"-0.22 	(-0.42, -0.03)",-0.41716561721902845,-0.0325694779100241,Insulin,Physical Activity
mvpa_recommended,Conditional,1.1580252215496993,3.317707106989165,1.145611712283682,1106,4.591534850693835,0.2774296145246897,14.298648339818445,116.93294092295547,101.98378598106609,-3.0980904951893886,5.389313919756752,2.142786702099356,"1.15 	(-3.10, 5.39)",-3.0980904951893886,5.389313919756752,Glucose,Physical Activity
steps1000_mean,Conditional,0.019432310840380915,0.059863074804377144,-0.6730650191083143,1106,0.08123861672879615,0.26312045656535843,14.746845762515361,129.9969854246346,112.08608997334585,-1.2369508170497245,-0.10917922116690426,0.28502388799677153,"-0.67 	(-1.24, -0.11)",-1.2369508170497245,-0.10917922116690426,Glucose,Physical Activity
mvpa_recommended,Conditional,7.458634356480107e-4,0.001375826791019467,-0.06194700178561158,1106,0.002196276570232279,0.3735639629056557,12.27153671539285,64.49299736736708,58.99181103258656,-0.1555557198777905,0.03166171630656732,0.04686444889500226,"-0.06 	(-0.16, 0.03)",-0.1555557198777905,0.03166171630656732,NEFA,Physical Activity
steps1000_mean,Conditional,1.3005287811752616e-5,2.322483124713641e-5,0.009495326778243409,1106,3.753064784006429e-5,0.38117691583400526,12.159420886238417,61.94258505855339,56.79328056300499,-0.0027510507643730506,0.021741704320859867,0.0061262262315445295,"0.01 	(-0.00, 0.02)",-0.0027510507643730506,0.021741704320859867,NEFA,Physical Activity
mvpa_recommended,Conditional,353.37069278855705,394.2974465518545,-6.838626276063025,1106,783.0052086192673,0.4964306211357786,10.918491351642913,36.51954729688352,34.268474003899115,-63.561199157063484,49.88394660493739,27.98223022954509,"-6.84 	(-63.56, 49.88)",-63.561199157063484,49.88394660493739,IL10,Physical Activity
steps1000_mean,Conditional,8.741271099363969,8.288539633541863,-3.959403861901496,1106,17.90393784284223,0.5370549369475432,10.618487456886765,31.203627368456633,29.40818041560717,-12.58692433998206,4.668116616179065,4.2313045084042615,"-3.96 	(-12.59, 4.67)",-12.58692433998206,4.668116616179065,IL10,Physical Activity
mvpa_recommended,Conditional,289619.54872855573,417502.7307083021,320.4929476054203,1106,736084.2343097135,0.4328057697094563,11.513477596135852,48.04591029038637,44.622145891253744,-1404.4956278184893,2045.48152302933,857.9535152382753,"320.49 	(-1404.50, 2045.48)",-1404.4956278184893,2045.48152302933,Adiponectin,Physical Activity
steps1000_mean,Conditional,2516.1889463933535,7811.664315183934,136.39497859539162,1106,10579.472156216623,0.2616205988506045,14.797090871078542,131.49179033640107,113.22760934444561,-67.0727405477354,339.8626977385186,102.85656107520134,"136.39 	(-67.07, 339.86)",-67.0727405477354,339.8626977385186,Adiponectin,Physical Activity
mvpa_recommended,Conditional,63067.647302515885,343424.4768615697,406.07185025214125,1106,412798.8888943372,0.1680586210359811,20.11604491400804,318.65513253205484,236.5767131766424,-857.9948276496584,1670.1385281539408,642.4942714875652,"406.07 	(-857.99, 1670.14)",-857.9948276496584,1670.1385281539408,Leptin,Physical Activity
steps1000_mean,Conditional,5690.227138962874,5553.067763662883,-11.486936423994193,1106,11812.317616522047,0.5298917668878346,10.667757718525033,32.052961793649565,30.18855194367895,-232.85564575881222,209.8817729108238,108.68448654947056,"-11.49 	(-232.86, 209.88)",-232.85564575881222,209.8817729108238,Leptin,Physical Activity
mvpa_recommended,Conditional,2768.3750180174084,13955.184079145678,-50.39498580633476,1106,17000.396598964828,0.17912596933206698,19.13886656826785,280.49517967764314,214.19822826004528,-307.0534258986467,206.2634542859771,130.38556898278594,"-50.39 	(-307.05, 206.26)",-307.0534258986467,206.2634542859771,TNFsR,Physical Activity
steps1000_mean,Conditional,246.36761636974043,247.2609482056989,-2.51249517014283,1106,518.2653262124134,0.5229066354627053,10.717217659820156,32.91502609115365,30.97910147200118,-48.833676986459764,43.8086866461741,22.76544148951242,"-2.51 	(-48.83, 43.81)",-48.833676986459764,43.8086866461741,TNFsR,Physical Activity
mvpa_recommended,Conditional,10953.834531340222,57396.19984847567,69.1743979710206,1106,69445.41783294991,0.1735063069741835,19.61642876102191,298.95923759270175,225.18039877966888,-449.4245263317733,587.7733222738145,263.52498521572846,"69.17 	(-449.42, 587.77)",-449.4245263317733,587.7733222738145,Resistin,Physical Activity
steps1000_mean,Conditional,386.0782257546767,1819.6867386699548,19.6555540424461,1106,2244.3727870000994,0.18922259741787073,18.36494730805183,251.36019819306316,196.2498647510468,-73.64660570417006,112.95771378906225,47.374811735774735,"19.66 	(-73.65, 112.96)",-73.64660570417006,112.95771378906225,Resistin,Physical Activity
mvpa_recommended,Conditional,0.0020179711478917643,0.0052936792690408355,0.15961500092972616,1106,0.007513447531721776,0.2954393776371072,13.804470206784105,103.11117832842015,91.04248419763685,-0.012292419696378343,0.33152242155583067,0.0866801449682785,"0.16 	(-0.01, 0.33)",-0.012292419696378343,0.33152242155583067,fast.PC1,Physical Activity
steps1000_mean,Conditional,6.588195585925498e-5,1.0126429488293969e-4,-0.012084487905561873,1106,1.7373444632812017e-4,0.41713173741211423,11.690909860071894,51.72446898058223,47.87612878338895,-0.03853712505317774,0.014368149242053985,0.01318083632885714,"-0.01 	(-0.04, 0.01)",-0.03853712505317774,0.014368149242053985,fast.PC1,Physical Activity
mvpa_recommended,Conditional,0.0035739453157670547,0.008567139333056396,0.023850598841053353,1106,0.012498479180400156,0.31454545713920157,13.349941804936304,90.96528300646332,81.20407358714115,-0.19822074990796024,0.24592194759006686,0.111796597356092,"0.02 	(-0.20, 0.25)",-0.19822074990796024,0.24592194759006686,fast.PC2,Physical Activity
steps1000_mean,Conditional,5.559947430905536e-5,1.4950435311825977e-4,-0.04246720945872543,1106,2.1066377485822065e-4,0.29031769596420626,13.937907594580405,106.78137094328311,93.97379135829142,-0.07124071297209977,-0.013693705945351103,0.014514261085505546,"-0.04 	(-0.07, -0.01)",-0.07124071297209977,-0.013693705945351103,fast.PC2,Physical Activity
mvpa_recommended,Conditional,0.0028201453193380834,0.007458537820832782,0.027429552569973974,1106,0.010560697672104675,0.29374573040434865,13.84800998145505,104.30362054276414,91.99695123486063,-0.17635082339192137,0.23120992853186928,0.10276525517948502,"0.03 	(-0.18, 0.23)",-0.17635082339192137,0.23120992853186928,fast.PC3,Physical Activity
steps1000_mean,Conditional,6.607194604320685e-5,1.4390750707117035e-4,0.012985254235766429,1106,2.165866477186979e-4,0.33556611828593885,12.91691933135444,79.92567286014881,72.07269960266169,-0.016302694586381748,0.0422732030579146,0.014716883084359198,"0.01 	(-0.02, 0.04)",-0.016302694586381748,0.0422732030579146,fast.PC3,Physical Activity
mvpa_recommended,Conditional,0.47704126388525936,1.548152360621641,-1.1864594766591345,1106,2.072897750895426,0.2531458148609173,15.093906697651022,140.44329362931404,120.00304189711055,-4.032856390351208,1.659937437032939,1.4397561428573333,"-1.19 	(-4.03, 1.66)",-4.032856390351208,1.659937437032939,adsbp,Physical Activity
steps1000_mean,Conditional,0.01415106681443439,0.025072206395197937,0.02948202916365816,1106,0.04063837989107577,0.38304119252785906,12.132721124225194,61.34109831698704,56.27322250965629,-0.37357602583420996,0.4325400841615262,0.2015896323997734,"0.03 	(-0.37, 0.43)",-0.37357602583420996,0.4325400841615262,adsbp,Physical Activity
mvpa_recommended,Conditional,0.1608147841863019,0.5809168433692777,-0.5785913182255096,1106,0.7578131059742098,0.23342993306710152,15.881677340479492,165.16933430787975,138.1977045553331,-2.29738182296785,1.1401991865168306,0.8705246153752402,"-0.58 	(-2.30, 1.14)",-2.29738182296785,1.1401991865168306,addbp,Physical Activity
steps1000_mean,Conditional,0.006753197289963982,0.009305462377064649,0.03524159882877273,1106,0.016733979396025028,0.44391814063814033,11.396027473560913,45.67060070598564,42.50831784794795,-0.22519703054742543,0.29568022820497086,0.12935988325607375,"0.04 	(-0.23, 0.30)",-0.22519703054742543,0.29568022820497086,addbp,Physical Activity
mvpa_recommended,Conditional,0.18689157553576613,0.5699463380754606,0.8838672084520585,1106,0.77552707116480335,0.2650851797869166,14.682014567485783,128.07713765152263,110.61569373428927,-0.8586197680939567,2.626354184998074,0.8806401485083469,"0.88 	(-0.86, 2.63)",-0.8586197680939567,2.626354184998074,c_aix,Physical Activity
steps1000_mean,Conditional,0.0051957664568231185,0.010186573735713522,-0.1425415233372447,1106,0.015901916838218955,0.3594122117887746,12.49407708047232,69.6717711859467,63.4235349873673,-0.39406646548646573,0.10898341881197623,0.12610280265806528,"-0.14 	(-0.39, 0.11)",-0.39406646548646573,0.10898341881197623,c_aix,Physical Activity
mvpa_recommended,Conditional,0.16233586388785087,0.6229422048499369,0.05427401453049182,1106,0.8015116551265729,0.22279083421243165,16.374603308120292,181.32090170278423,149.68879920268563,-1.7122168661794999,1.8207648952404831,0.8952718330912532,"0.05 	(-1.71, 1.82)",-1.7122168661794999,1.8207648952404831,c_aixhr75,Physical Activity
steps1000_mean,Conditional,0.0047103279461951425,0.011602158888862108,-0.1418871130050618,1106,0.016783519629676766,0.3087171734618125,13.48184527332453,94.43237900391492,84.03435464571893,-0.399098751514121,0.11532452550399741,0.1295512239605507,"-0.14 	(-0.40, 0.12)",-0.399098751514121,0.11532452550399741,c_aixhr75,Physical Activity
mvpa_recommended,Conditional,0.0011556578370911618,0.008589991508481777,-0.24416040690546634,1106,0.009861215129282055,0.12891145808445917,25.272525725402993,541.5760721949057,346.4640175230287,-0.4392279246796882,-0.04909288913124449,0.09930365113772029,"-0.24 	(-0.44, -0.05)",-0.4392279246796882,-0.04909288913124449,pwv,Physical Activity
steps1000_mean,Conditional,4.855286930526337e-5,1.6187672798867084e-4,-0.012568527165758991,1106,2.1528488422446057e-4,0.24808131062330063,15.282477451869335,146.236038690473,124.33324118365901,-0.04156624463678111,0.016429190305263124,0.014672589554146895,"-0.01 	(-0.04, 0.02)",-0.04156624463678111,0.016429190305263124,pwv,Physical Activity
baseline,Conditional,0.002329695176392103,0.018972217872325794,-0.13667255462283173,1104,0.02153488256635711,0.1190006347206573,27.258788340091403,635.5415572771325,384.1028422467012,-0.4248415173812282,0.15149640813556475,0.14674768334238572,"-0.14 	(-0.42, 0.15)",-0.4248415173812282,0.15149640813556475,TC,Aerobic Fitness
drop6to7,Conditional,0.00504786831820311,0.021892745609416415,-0.450937945359986,1104,0.027445400759439836,0.20231641719108756,17.496031541881802,219.87723066121688,175.88348528133326,-0.7774354869522111,-0.12444040376776094,0.16566653482052382,"-0.45 	(-0.78, -0.12)",-0.7774354869522111,-0.12444040376776094,TC,Aerobic Fitness
freq_peak,Conditional,0.0014952435046765677,0.007150328731977037,0.21957015422338105,1104,0.008795096587121262,0.1870096409802563,18.52609777365198,257.34427815971395,199.91937454560636,0.03489194509531013,0.404248363351452,0.09378217627631202,"0.22 	(0.03, 0.40)",0.03489194509531013,0.404248363351452,TC,Aerobic Fitness
residual_distance,Conditional,7.579728789938767e-5,5.682730735656899e-4,-0.04742605849526613,1104,6.516500902550163e-4,0.12794752572918042,25.44911136034382,549.7670736404239,349.7080906889992,-0.09756930846731923,0.0027171914767869787,0.025527437988466767,"-0.05 	(-0.10, 0.00)",-0.09756930846731923,0.0027171914767869787,TC,Aerobic Fitness
baseline,Conditional,0.020103023750384037,0.14020404919484192,0.203461124185651,1104,0.16231737532026436,0.13623511396602608,24.03034372522619,484.9136290966683,321.2559731801351,-0.5881573509929768,0.9950795993642788,0.4028863056995911,"0.20 	(-0.59, 1.00)",-0.5881573509929768,0.9950795993642788,TG,Aerobic Fitness
drop6to7,Conditional,0.05986587007420174,0.19741271994626564,-0.40641829487585907,1104,0.26326517702788754,0.2501373627346324,15.20486039766668,143.84188845344,122.51576550721974,-1.4205960168456389,0.6077594270939208,0.5130937312303547,"-0.41 	(-1.42, 0.61)",-1.4205960168456389,0.6077594270939208,TG,Aerobic Fitness
freq_peak,Conditional,0.010935368154045244,0.059634455633474526,0.3420295954733823,1104,0.0716633606029243,0.16785292886416656,20.135672029997124,319.4365907653737,236.91136267057794,-0.18464850187779114,0.8687076928245557,0.2677001318694563,"0.34 	(-0.18, 0.87)",-0.18464850187779114,0.8687076928245557,TG,Aerobic Fitness
residual_distance,Conditional,0.001525336830668097,0.003979530910692646,-0.05920852204728952,1104,0.005657401424427552,0.2965797170570556,13.77547293180137,102.31978440941877,90.3888159814254,-0.20839290869886998,0.08997586460429094,0.07521569932153495,"-0.06 	(-0.21, 0.09)",-0.20839290869886998,0.08997586460429094,TG,Aerobic Fitness
baseline,Conditional,1.36936689232247e-4,9.301672358588446e-4,-0.033254728326457185,1104,0.0010807975940143163,0.13936962756920834,23.547235108266037,463.3468666072316,311.274718585941,-0.0978582482377151,0.03134879158480074,0.03287548621715451,"-0.03 	(-0.10, 0.03)",-0.0978582482377151,0.03134879158480074,HDLc,Aerobic Fitness
drop6to7,Conditional,6.634755414340869e-4,0.001359965357525994,-0.02270057957256454,1104,0.0020897884531034896,0.34923300226568604,12.666661401120997,73.79245420896979,66.90783850132956,-0.11379237650014803,0.06839121735501895,0.045714204062889355,"-0.02 	(-0.11, 0.07)",-0.11379237650014803,0.06839121735501895,HDLc,Aerobic Fitness
freq_peak,Conditional,1.2215947869531355e-4,3.64548923389852e-4,0.02805443413737835,1104,4.989243499546969e-4,0.2693302633496369,14.54563551778658,124.07154718466906,107.50618954502077,-0.016155731729268628,0.07226460000402533,0.022336614558941044,"0.03 	(-0.02, 0.07)",-0.016155731729268628,0.07226460000402533,HDLc,Aerobic Fitness
residual_distance,Conditional,8.365412901835477e-6,2.689098841933301e-5,-0.002635517346661153,1104,3.6092942611352036e-5,0.25495162007446864,15.028755103559247,138.46083853433916,118.48039023888222,-0.014514293666872612,0.009243258973550304,0.006007740225022386,"-0.00 	(-0.01, 0.01)",-0.014514293666872612,0.009243258973550304,HDLc,Aerobic Fitness
baseline,Conditional,0.00215648278098917,0.014528027201198286,-0.14511895195507346,1104,0.016900158260286374,0.14036147014447492,23.399845551794375,456.8216653689188,308.2005540291109,-0.40059231683467256,0.11035441292452564,0.1300006086919841,"-0.15 	(-0.40, 0.11)",-0.40059231683467256,0.11035441292452564,LDLc,Aerobic Fitness
drop6to7,Conditional,0.0048722889105510155,0.019809653994832845,-0.21383759942531314,1104,0.02516917179643896,0.2129397758874372,16.882640478397537,198.48556329004046,161.52234065280334,-0.5266894219659803,0.09901422311535399,0.15864794923489858,"-0.21 	(-0.53, 0.10)",-0.5266894219659803,0.09901422311535399,LDLc,Aerobic Fitness
freq_peak,Conditional,0.0014997897666716405,0.005829523456910909,0.17118451763169484,1104,0.007479292200249714,0.22057819097958536,16.48410287029612,184.97684517137645,152.19946677093014,5.648603726328416e-4,0.3418041748907568,0.08648290120162316,"0.17 	(0.00, 0.34)",5.648603726328416e-4,0.3418041748907568,LDLc,Aerobic Fitness
residual_distance,Conditional,1.824839428731135e-4,4.797787142812902e-4,-0.021943088573897655,1104,6.80511051441715e-4,0.29497292767715966,13.816404851109514,103.43754206220866,91.28448251963768,-0.07367711954323086,0.029790942395435543,0.02608660674449084,"-0.02 	(-0.07, 0.03)",-0.07367711954323086,0.029790942395435543,LDLc,Aerobic Fitness
baseline,Conditional,0.0012809836074596749,0.008015586840853423,0.018243990724372505,1104,0.009424668809059065,0.14950997183595693,22.151661130432036,402.62634635963195,281.6385954764574,-0.1726044434606482,0.20909242490939317,0.0970807334596266,"0.02 	(-0.17, 0.21)",-0.1726044434606482,0.20909242490939317,ApoA1,Aerobic Fitness
drop6to7,Conditional,0.0028501595287482007,0.00940563034779561,-5.864824345589934e-4,1104,0.012540805829418631,0.24999792870314794,15.210077550095505,144.00238616362824,122.63556431138889,-0.2219346715852617,0.22076170671614367,0.11198573940202668,"-0.00 	(-0.22, 0.22)",-0.2219346715852617,0.22076170671614367,ApoA1,Aerobic Fitness
freq_peak,Conditional,6.179655744958481e-4,0.0031579262187493027,0.05169558348880199,1104,0.0038376883506947355,0.1771280181785412,19.304514142387458,286.85867128428276,217.9216691351351,-0.07023681930190014,0.1736279862795041,0.06194907869125041,"0.05 	(-0.07, 0.17)",-0.07023681930190014,0.1736279862795041,ApoA1,Aerobic Fitness
residual_distance,Conditional,4.883323464722244e-5,2.17969149936057e-4,-0.008300540034819105,1104,2.7168570804800166e-4,0.19771580366845795,17.785867193415218,230.22884812323696,182.66272940828432,-0.040777133878029476,0.024176053808391256,0.01648289137402785,"-0.01 	(-0.04, 0.02)",-0.040777133878029476,0.024176053808391256,ApoA1,Aerobic Fitness
baseline,Conditional,0.003228293471003671,0.010464553101118677,0.05154335280615377,1104,0.014015675919222715,0.2533679316338657,15.085835221521354,140.19716036858767,119.7865133736761,-0.18251285752565855,0.2855995631379661,0.11838781997833525,"0.05 	(-0.18, 0.29)",-0.18251285752565855,0.2855995631379661,ApoB,Aerobic Fitness
drop6to7,Conditional,0.0014561768131034964,0.011050243147629101,-0.2859044004860432,1104,0.012652037642042948,0.12660367758400073,25.700838201347327,561.5001374844871,354.62023863335753,-0.5068398806425993,-0.06496892032948715,0.11248127685105173,"-0.29 	(-0.51, -0.06)",-0.5068398806425993,-0.06496892032948715,ApoB,Aerobic Fitness
freq_peak,Conditional,5.176530039507314e-4,0.0035387232468790785,0.09821344178501244,1104,0.0041081415512248835,0.13860727466316902,23.66227608977022,468.4577850721946,313.66479064551675,-0.02773543182782169,0.2241623153978466,0.06409478567890592,"0.10 	(-0.03, 0.22)",-0.02773543182782169,0.2241623153978466,ApoB,Aerobic Fitness
residual_distance,Conditional,7.56975434107463e-5,2.7191422044910255e-4,-0.013888415763812226,1104,3.5518151820092346e-4,0.234435896815772,15.837753478848809,163.75489325158145,137.13648878142732,-0.05110142189339793,0.02332459036577347,0.018846260058720494,"-0.01 	(-0.05, 0.02)",-0.05110142189339793,0.02332459036577347,ApoB,Aerobic Fitness
baseline,Conditional,1.8803310905878316e-5,1.7758636244169333e-4,0.053293702397917565,1104,1.9827000443815949e-4,0.10432058069034535,31.088997691705327,826.9943028861338,449.97925515607955,0.025655316944995062,0.08093208785084006,0.014080838200837317,"0.05 	(0.03, 0.08)",0.025655316944995062,0.08093208785084006,hsCRP,Aerobic Fitness
drop6to7,Conditional,5.863550612313942e-6,1.585358357566421e-4,-0.004585357633268577,1104,1.6498574143018743e-4,0.03909371572133444,107.61712981154524,5888.824455572581,897.5306540591331,-0.029765638462383552,0.020594923195846396,0.012844677552596929,"-0.00 	(-0.03, 0.02)",-0.029765638462383552,0.020594923195846396,hsCRP,Aerobic Fitness
freq_peak,Conditional,7.783299394609214e-6,4.733228493777072e-5,0.001188630348557777,1104,5.5893914271840854e-5,0.15317641366876775,21.701865176536323,383.5824380182871,271.84414684570174,-0.013510878554638934,0.015888139251754484,0.007476223262573213,"0.00 	(-0.01, 0.02)",-0.013510878554638934,0.015888139251754484,hsCRP,Aerobic Fitness
residual_distance,Conditional,2.5809431225179277e-6,3.689484424294844e-6,-0.0017366044005155802,1104,6.528521859064565e-6,0.43486680385818766,11.491194265083227,47.59156610895992,44.2129059714726,-0.006875110951356296,0.003401902150325135,0.0025550972308435865,"-0.00 	(-0.01, 0.00)",-0.006875110951356296,0.003401902150325135,hsCRP,Aerobic Fitness
baseline,Conditional,8.169600645488827e-5,0.0010517641092400078,0.13644562055846202,1104,0.001141629716340385,0.07871694807354072,42.39472747018547,1452.4661300870482,597.566244923919,0.07016710482598995,0.20272413629093408,0.0337880114292094,"0.14 	(0.07, 0.20)",0.07016710482598995,0.20272413629093408,Insulin,Aerobic Fitness
drop6to7,Conditional,3.458789232643609e-4,8.484024342078594e-4,-0.08649240573539432,1104,0.0012288692497986564,0.3096072390558511,13.461337864456349,93.89020695434196,83.57629432831406,-0.15609645059489374,-0.016888360875894917,0.03505523141841538,"-0.09 	(-0.16, -0.02)",-0.15609645059489374,-0.016888360875894917,Insulin,Aerobic Fitness
freq_peak,Conditional,1.401829714692966e-4,3.4317708550478897e-4,0.030662760506480324,1104,4.973783541210152e-4,0.3100281050403495,13.451687379036393,93.63546635099699,83.3688137124577,-0.013620593026217969,0.07494611403917861,0.02230198094611811,"0.03 	(-0.01, 0.07)",-0.013620593026217969,0.07494611403917861,Insulin,Aerobic Fitness
residual_distance,Conditional,1.8973783299620217e-5,2.5005715438042832e-5,-0.013576446489830139,1104,4.5876877067625076e-5,0.4549385870101181,11.285767673673579,43.48474830018393,40.54919462800319,-0.027231599076508975,7.870609684869356e-5,0.00677324715831521,"-0.01 	(-0.03, 0.00)",-0.027231599076508975,7.870609684869356e-5,Insulin,Aerobic Fitness
baseline,Conditional,0.0019650807651682978,0.0060932969382232124,0.24528040752001162,1104,0.00825488577990834,0.2618556936240406,14.789171506838994,131.25578893175984,113.01912472195966,0.06554803674573598,0.42501277829428724,0.09085640197536077,"0.25 	(0.07, 0.43)",0.06554803674573598,0.42501277829428724,Glucose,Aerobic Fitness
drop6to7,Conditional,0.002788707142733196,0.008634539617900944,0.009727731428493782,1104,0.01170211747490746,0.2621386995630698,14.77965986004688,130.97253341634473,112.80304901921818,-0.20427126376417548,0.22372672662116302,0.10817632585232066,"0.01 	(-0.20, 0.22)",-0.20427126376417548,0.22372672662116302,Glucose,Aerobic Fitness
freq_peak,Conditional,7.26611214646789e-4,0.002454985995607728,0.108159895871024,1104,0.003254258331719196,0.24560814005482456,15.377831966496064,149.19593718891244,126.494740960698,-0.004562751432012957,0.22088254317406092,0.05704610706892448,"0.11 	(-0.00, 0.22)",-0.004562751432012957,0.22088254317406092,Glucose,Aerobic Fitness
residual_distance,Conditional,5.088772514773244e-5,2.0619678365094314e-4,-0.019104665640845838,1104,2.621732813134488e-4,0.21350954369595496,16.851759110964345,197.42762661368727,160.79945024440295,-0.05103568013347626,0.012826348851784571,0.016191765849142236,"-0.02 	(-0.05, 0.01)",-0.05103568013347626,0.012826348851784571,Glucose,Aerobic Fitness
baseline,Conditional,6.953336035111209e-7,2.615805724038149e-6,0.008299918266645048,1104,3.3806726879003823e-6,0.22624697344990982,16.20855190721857,175.82351290643595,145.76634107384416,0.004671233190840278,0.011928603342449818,0.00183866056897416,"0.01 	(0.00, 0.01)",0.004671233190840278,0.011928603342449818,NEFA,Aerobic Fitness
drop6to7,Conditional,1.1249621939674808e-6,3.4777493550771716e-6,0.0017635050867452692,1104,4.715207768441401e-6,0.26243984870538745,14.769564309702282,130.6721244933578,112.57377370806275,-0.0025322472384267138,0.006059257411917251,0.0021714529164689254,"0.00 	(-0.00, 0.01)",-0.0025322472384267138,0.006059257411917251,NEFA,Aerobic Fitness
freq_peak,Conditional,7.305685688846758e-7,1.1341765607754953e-6,4.982293206946972e-4,1104,1.9378019865486386e-6,0.41470977496749123,11.719650204652837,52.330389263983385,48.40327355047008,-0.0022947027664880965,0.003291161407877491,0.0013920495632514809,"0.00 	(-0.00, 0.00)",-0.0022947027664880965,0.003291161407877491,NEFA,Aerobic Fitness
residual_distance,Conditional,5.026051668295214e-8,8.49235012447814e-8,1.0879685587729022e-4,1104,1.4021006959602876e-7,0.3943123950408,11.97726179487665,57.8844153497723,53.26515510739495,-6.407708190180946e-4,8.58364530772675e-4,3.744463507580609e-4,"0.00 	(-0.00, 0.00)",-6.407708190180946e-4,8.58364530772675e-4,NEFA,Aerobic Fitness
baseline,Conditional,1.32940149915897,1.0441759238626545,2.0420161665427314,1104,2.5065175729375215,0.5834156779364092,10.331166024759833,26.441513981605173,25.001503063160747,-1.2096523509318549,5.293684684017316,1.5831985260659895,"2.04 	(-1.21, 5.29)",-1.2096523509318549,5.293684684017316,IL10,Aerobic Fitness
drop6to7,Conditional,0.8642655976058933,1.1652556184745753,-0.054061508482484776,1104,2.115947775841058,0.4492984979218576,11.341454153329114,44.583337450836524,41.532227824231114,-2.984592178588259,2.876469161623289,1.4546297727741784,"-0.05 	(-2.98, 2.88)",-2.984592178588259,2.876469161623289,IL10,Aerobic Fitness
freq_peak,Conditional,0.16907914101574145,0.30334225045846086,0.006576326080529661,1104,0.4893293055757765,0.38008566623344014,12.175184812718152,62.29877768398431,57.09232587430043,-1.3916123784661854,1.4047650306272443,0.6995207685092534,"0.01 	(-1.39, 1.40)",-1.3916123784661854,1.4047650306272443,IL10,Aerobic Fitness
residual_distance,Conditional,0.02678150919699878,0.03144876033252186,-0.0693249830271346,1104,0.06090842044922053,0.48367138565445544,11.024098821182257,38.47173029682329,36.035268755644594,-0.5687368985092595,0.4300869324549902,0.2467963136864498,"-0.07 	(-0.57, 0.43)",-0.5687368985092595,0.4300869324549902,IL10,Aerobic Fitness
baseline,Conditional,81.67842806530435,970.0864454898447,-79.60565497235905,1104,1059.9327163616795,0.08476601343172113,38.927046242196255,1252.561308148843,558.7077510511126,-143.47715261841338,-15.734157326304718,32.556607875540095,"-79.61 	(-143.48, -15.73)",-143.47715261841338,-15.734157326304718,Adiponectin,Aerobic Fitness
drop6to7,Conditional,443.02712981425753,1472.815056707875,-11.662546037627218,1104,1960.1448995035585,0.24861929488942794,15.262025090721787,145.60384665923695,123.82915606557034,-99.1643216781007,75.83922960284625,44.27352368519541,"-11.66 	(-99.16, 75.84)",-99.1643216781007,75.83922960284625,Adiponectin,Aerobic Fitness
freq_peak,Conditional,101.47376336160555,317.61988612802895,3.460231796125496,1104,429.2410258257951,0.2600430363873627,14.850658366341298,133.0920310264949,114.41732956503566,-37.51917215617613,44.43963574842713,20.7181327784575,"3.46 	(-37.52, 44.44)",-37.51917215617613,44.43963574842713,Adiponectin,Aerobic Fitness
residual_distance,Conditional,3.7951546133202303,23.429401578656346,-0.8006204867958372,1104,27.6040716533086,0.15123385155218147,21.93688518410551,393.4997710678053,276.9759412524348,-11.129958628956391,9.528717655364716,5.253957713315611,"-0.80 	(-11.13, 9.53)",-11.129958628956391,9.528717655364716,Adiponectin,Aerobic Fitness
baseline,Conditional,229.39969108653384,754.9178246530532,18.748616072467485,1104,1007.2574848482404,0.25052150417448255,15.190521768689688,143.4011018092778,122.1865865201858,-43.98479952273888,81.48203166767385,31.737320064054565,"18.75 	(-43.98, 81.48)",-43.98479952273888,81.48203166767385,Leptin,Aerobic Fitness
drop6to7,Conditional,276.597615472526,598.8808923102696,27.786717796046847,1104,903.1382693300482,0.3368890316711726,12.891697013380684,79.29919274245628,71.53627238851713,-32.02729841373521,87.60073400582888,30.05225897216461,"27.79 	(-32.03, 87.60)",-32.02729841373521,87.60073400582888,Leptin,Aerobic Fitness
freq_peak,Conditional,218.58138917112996,237.97430792207436,28.87066827718722,1104,478.41383601031737,0.5025764515787493,10.869708573118485,35.631839056799905,33.457056241404885,-15.505089385265634,73.24642593964006,21.87267327078054,"28.87 	(-15.51, 73.25)",-15.505089385265634,73.24642593964006,Leptin,Aerobic Fitness
residual_distance,Conditional,8.17635027598978,17.029461418580716,-7.0931400395071185,1104,26.023446722169474,0.3456108408547876,12.730826142682325,75.34731765736537,68.21950118153478,-17.25471913173387,3.06843905271963,5.101318135753687,"-7.09 	(-17.25, 3.07)",-17.25471913173387,3.06843905271963,Leptin,Aerobic Fitness
baseline,Conditional,28.530295811790744,31.815395527423565,-5.7917397752412745,1104,63.198720920393384,0.4965816544372948,10.91727672173206,36.49733612993919,34.244453149858096,-21.906979975156915,10.32350042467436,7.949762318484332,"-5.79 	(-21.91, 10.32)",-21.906979975156915,10.32350042467436,TNFsR,Aerobic Fitness
drop6to7,Conditional,17.665951831080793,31.59665845091497,-9.30733729877838,1104,51.02920546510384,0.3808122591185112,12.164677442638972,62.061271334188845,56.88723566238245,-23.586655784293686,4.971981186736924,7.143472927442494,"-9.31 	(-23.59, 4.97)",-23.586655784293686,4.971981186736924,TNFsR,Aerobic Fitness
freq_peak,Conditional,13.925237761141851,11.299930056996251,3.706424318062482,1104,26.61769159425229,0.5754729512518542,10.376840307957782,27.176447081211823,25.684430914262485,-6.876233645530995,14.289082281655954,5.159233624701666,"3.71 	(-6.88, 14.29)",-6.876233645530995,14.289082281655954,TNFsR,Aerobic Fitness
residual_distance,Conditional,0.3641503850151104,0.9444352747708272,-0.7675227569834725,1104,1.3450006982874487,0.29781800412940307,13.744270580849506,101.47068958544816,89.707240217714,-3.0680088596029624,1.5329633456360172,1.1597416515273773,"-0.77 	(-3.07, 1.53)",-3.0680088596029624,1.5329633456360172,TNFsR,Aerobic Fitness
baseline,Conditional,61.35286348970651,124.2184509677659,18.275268325851464,1104,191.70660080644308,0.3520387381278368,12.617975248080565,72.6208952089226,65.91701342637171,-9.321828812653308,45.872365464356236,13.845815281392536,"18.28 	(-9.32, 45.87)",-9.321828812653308,45.872365464356236,Resistin,Aerobic Fitness
drop6to7,Conditional,86.9883359749943,236.06356062819887,6.101922525738103,1104,331.7507302006926,0.28843092376799834,13.988425713607779,108.18296189981015,95.06732605880067,-30.00074442266846,42.20458947414466,18.214025645109118,"6.10 	(-30.00, 42.20)",-30.00074442266846,42.20458947414466,Resistin,Aerobic Fitness
freq_peak,Conditional,20.924065087558574,46.33052164507838,-8.286232555948295,1104,69.34699324139281,0.33190294950778104,12.987941542564728,81.69966687620318,73.53918485365074,-24.85316322453353,8.280698112636937,8.327484208414496,"-8.29 	(-24.85, 8.28)",-24.85316322453353,8.280698112636937,Resistin,Aerobic Fitness
residual_distance,Conditional,1.4518030428575892,6.477590984093141,3.196282939159321,1104,8.074574331236489,0.19777926137423968,17.781761127308933,230.08113343747667,182.56675182214158,-2.402561089156695,8.795126967475337,2.84157954863778,"3.20 	(-2.40, 8.80)",-2.402561089156695,8.795126967475337,Resistin,Aerobic Fitness
baseline,Conditional,2.3681304646388896e-6,1.1872944550458821e-5,-0.0028259402314589604,1104,1.44778880615616e-5,0.17992565628538273,19.073792480844176,278.0073759204534,212.60507931432073,-0.01031617571315916,0.00466429525024124,0.0038049820054188955,"-0.00 	(-0.01, 0.00)",-0.01031617571315916,0.00466429525024124,fast.PC1,Aerobic Fitness
drop6to7,Conditional,7.329480136451752e-6,1.5356196672753024e-5,0.00877194225871161,1104,2.3418624822849952e-5,0.3442741924893164,12.754886936169985,75.93352702539492,68.71303643794008,-8.664543642485454e-4,0.01841033888167176,0.004839279370200686,"0.01 	(-0.00, 0.02)",-8.664543642485454e-4,0.01841033888167176,fast.PC1,Aerobic Fitness
freq_peak,Conditional,3.1277130619815723e-6,4.1342435267500535e-6,-0.0036139900685441258,1104,7.574727894929783e-6,0.45420567126677264,11.292918138932045,43.6251973179769,40.67499269822556,-0.009162076045589117,0.0019340959085008646,0.00275222235564821,"-0.00 	(-0.01, 0.00)",-0.009162076045589117,0.0019340959085008646,fast.PC1,Aerobic Fitness
residual_distance,Conditional,1.3136785270896762e-7,3.4397881285067484e-7,7.151285847999184e-4,1104,4.884834508305393e-7,0.2958229961202816,13.794686951904612,102.8439259039965,90.80903547090695,-6.710312831890727e-4,0.0021012884527889094,6.989159111299007e-4,"0.00 	(-0.00, 0.00)",-6.710312831890727e-4,0.0021012884527889094,fast.PC1,Aerobic Fitness
baseline,Conditional,2.757369650055908e-6,1.886560487438373e-5,0.021462012078947667,1104,2.189871148944523e-5,0.13850616811511487,23.67764964021904,469.1419630782998,313.98356333330463,0.012266429927709965,0.030657594230185367,0.004679605911767061,"0.02 	(0.01, 0.03)",0.012266429927709965,0.030657594230185367,fast.PC2,Aerobic Fitness
drop6to7,Conditional,5.082498138959914e-6,2.4821461963515694e-5,-0.006807867348035983,1104,3.04122099163716e-5,0.18383234787046096,18.765545725601488,266.31684766227204,205.47585089482948,-0.017665876701853427,0.004050142005781459,0.005514726640221762,"-0.01 	(-0.02, 0.00)",-0.017665876701853427,0.004050142005781459,fast.PC2,Aerobic Fitness
freq_peak,Conditional,1.2586469232638209e-6,6.9702884737834995e-6,0.005389731678022482,1104,8.354800089373702e-6,0.16571451151190736,20.34318821221018,327.73394635410256,241.60795456926104,-2.964782867017285e-4,0.011075941642746692,0.00289046710574151,"0.01 	(-0.00, 0.01)",-2.964782867017285e-4,0.011075941642746692,fast.PC2,Aerobic Fitness
residual_distance,Conditional,8.873975360916748e-8,4.838438021645161e-7,-0.001527195065779243,1104,5.814575311346004e-7,0.1678776587167255,20.13330926094592,319.3424860702014,236.85777826114025,-0.0030274192408467106,-2.697089071177568e-5,7.625336262320504e-4,"-0.00 	(-0.00, -0.00)",-0.0030274192408467106,-2.697089071177568e-5,fast.PC2,Aerobic Fitness
baseline,Conditional,1.8717329874601129e-6,1.554056605894294e-5,0.006834461930194351,1104,1.7599472345149067e-5,0.11698681902662948,27.713817476119967,657.6103575708307,392.41594354862673,-0.001403086220667731,0.015072010081056433,0.004195172504814202,"0.01 	(-0.00, 0.02)",-0.001403086220667731,0.015072010081056433,fast.PC3,Aerobic Fitness
drop6to7,Conditional,4.536728776588884e-6,1.938362559758966e-5,0.004111044609250356,1104,2.437402725183743e-5,0.20474259763008887,17.349344540393513,214.69705705815485,172.44989232487427,-0.005620163625963931,0.013842252844464643,0.004937005899514141,"0.00 	(-0.01, 0.01)",-0.005620163625963931,0.013842252844464643,fast.PC3,Aerobic Fitness
freq_peak,Conditional,1.3250878432899424e-6,6.0691166713745555e-6,-0.0015120872617119443,1104,7.526713298993492e-6,0.19365645663876338,18.055148469611893,239.98193289374714,188.9518890194699,-0.006916475141064269,0.0038923006176403803,0.002743485611224067,"-0.00 	(-0.01, 0.00)",-0.006916475141064269,0.0038923006176403803,fast.PC3,Aerobic Fitness
residual_distance,Conditional,3.046248333658854e-7,4.926859885949972e-7,-1.75451075079315e-4,1104,8.277733052974712e-7,0.4048056570053995,11.84114417726671,54.9223818781227,50.67879481668749,-0.0019988299814229257,0.0016479278312642957,9.098204797087561e-4,"-0.00 	(-0.00, 0.00)",-0.0019988299814229257,0.0016479278312642957,fast.PC3,Aerobic Fitness
baseline,Conditional,7.879602075647326e-4,0.004406437188168706,0.2319560459895772,1104,0.005273193416489913,0.16437027051022907,20.476960541179565,333.11636566743243,244.6252547257803,0.08911082871774004,0.3748012632614144,0.0726167571328403,"0.23 	(0.09, 0.37)",0.08911082871774004,0.3748012632614144,adsbp,Aerobic Fitness
drop6to7,Conditional,0.0028185463644729864,0.003411493473366773,-0.09864562487351322,1104,0.006511894474287058,0.4761135201380435,11.089578193598921,39.702831530456024,37.14814459455451,-0.2617769859626533,0.06448573621562687,0.08069631016525512,"-0.10 	(-0.26, 0.06)",-0.2617769859626533,0.06448573621562687,adsbp,Aerobic Fitness
freq_peak,Conditional,4.0931250951148037e-4,0.0013684971370596937,0.02297607943642223,1104,0.0018187408975223222,0.24755794576126663,15.302472560150683,146.85501058811184,124.75943249825018,-0.06130443735170714,0.10725659622455158,0.042646698553608135,"0.02 	(-0.06, 0.11)",-0.06130443735170714,0.10725659622455158,adsbp,Aerobic Fitness
residual_distance,Conditional,3.588473827100211e-5,1.0217194400121381e-4,0.0012350802494990073,1104,1.4164515609931612e-4,0.2786767524222659,14.262073564143549,115.88868310597296,101.14305029791431,-0.022337533319544318,0.02480769381854233,0.011901477055362335,"0.00 	(-0.02, 0.02)",-0.022337533319544318,0.02480769381854233,adsbp,Aerobic Fitness
baseline,Conditional,2.2786366017167552e-4,0.0013273433101738286,0.23394064397715006,1104,0.0015779933363626716,0.1588409915384053,21.055995472548116,356.7116805838779,257.58738898440936,0.1558180415221378,0.3120632464321623,0.03972396425789691,"0.23 	(0.16, 0.31)",0.1558180415221378,0.3120632464321623,addbp,Aerobic Fitness
drop6to7,Conditional,5.331391815806366e-4,0.0013230669010953022,-0.09460290992825102,1104,0.0019095200008340026,0.30712068974536055,13.518966232366672,95.41669300364624,84.81759320461846,-0.1813496310768318,-0.007856188779670245,0.04369805488616173,"-0.09 	(-0.18, -0.01)",-0.1813496310768318,-0.007856188779670245,addbp,Aerobic Fitness
freq_peak,Conditional,1.2159490532629802e-4,4.113164002838603e-4,0.007084201309858643,1104,5.450707961427881e-4,0.2453890335080238,15.386386900083508,149.46248863502055,126.6919018628552,-0.039048118201491885,0.05321652082120917,0.02334675129740299,"0.01 	(-0.04, 0.05)",-0.039048118201491885,0.05321652082120917,addbp,Aerobic Fitness
residual_distance,Conditional,1.1237545085237053e-5,3.089613346664913e-5,0.007130098451138834,1104,4.325743306040989e-5,0.28576128353473845,14.061204865439779,110.21373837945082,96.67651483068354,-0.005903766658155975,0.020163963560433644,0.00657703831982222,"0.01 	(-0.01, 0.02)",-0.005903766658155975,0.020163963560433644,addbp,Aerobic Fitness
baseline,Conditional,3.886772692227745e-5,0.0012527217685217166,-0.1662006169350919,1104,0.0012954762681362218,0.033002919980938995,139.00657024274878,8263.000454081573,943.9054642320721,-0.23675539689647346,-0.0956458369737103,0.03599272521130099,"-0.17 	(-0.24, -0.10)",-0.23675539689647346,-0.0956458369737103,c_aix,Aerobic Fitness
drop6to7,Conditional,2.748164578826046e-4,0.0014340089544217437,-0.10668562043519557,1104,0.0017363070580926087,0.17410405737966053,19.563879598279005,296.9099316982385,223.8761877015689,-0.18868966308434942,-0.0246815777860417,0.04166901796410144,"-0.11 	(-0.19, -0.02)",-0.18868966308434942,-0.0246815777860417,c_aix,Aerobic Fitness
freq_peak,Conditional,6.208566224076083e-5,4.0961809990962706e-4,-0.0077777960560049195,1104,4.77912328374464e-4,0.14290116494196312,23.03378993569131,440.72833322781383,300.50769643924207,-0.05074296128752097,0.03518736917551112,0.02186120601372358,"-0.01 	(-0.05, 0.04)",-0.05074296128752097,0.03518736917551112,c_aix,Aerobic Fitness
residual_distance,Conditional,5.457633068470884e-6,2.8546543918405078e-5,0.006042068694047259,1104,3.454994029372305e-5,0.17375996381703315,19.594076623847123,298.0870262536888,224.56784267439195,-0.0055254079030072996,0.017609545291101817,0.005877919725015225,"0.01 	(-0.01, 0.02)",-0.0055254079030072996,0.017609545291101817,c_aix,Aerobic Fitness
baseline,Conditional,5.9296070862569606e-5,0.0011996866332857118,0.2748147400567103,1104,0.0012649123112345383,0.051565375219699734,72.55389475092369,3384.7464770576994,798.584263703727,0.20508249805720502,0.3445469820562156,0.035565605734115345,"0.27 	(0.21, 0.34)",0.20508249805720502,0.3445469820562156,c_aixhr75,Aerobic Fitness
drop6to7,Conditional,3.5023911543723103e-4,0.0014312657037588749,-0.11343835820709872,1104,0.001816528730739829,0.2120874943849887,16.92919713083298,200.08401183288888,162.61226342391672,-0.19748184862812407,-0.029394867786073364,0.042620754694630045,"-0.11 	(-0.20, -0.03)",-0.19748184862812407,-0.029394867786073364,c_aixhr75,Aerobic Fitness
freq_peak,Conditional,6.730978525519873e-5,4.10400409047404e-4,-0.004566114432479712,1104,4.8444117282812264e-4,0.15283747115976024,21.7423513274523,385.2856401848467,272.7303661210146,-0.04784090855636137,0.03870867969140193,0.02201002437136594,"-0.00 	(-0.05, 0.04)",-0.04784090855636137,0.03870867969140193,c_aixhr75,Aerobic Fitness
residual_distance,Conditional,5.706641449891319e-6,2.8233151919706648e-5,0.004808958690764708,1104,3.45104575145871e-5,0.18189575122923593,18.91637880789231,272.0178475821994,208.9679145404876,-0.006756424671720237,0.01637434205324965,0.005874560197545608,"0.00 	(-0.01, 0.02)",-0.006756424671720237,0.01637434205324965,c_aixhr75,Aerobic Fitness
baseline,Conditional,3.5005976395745933e-6,1.540183485908755e-5,0.032087229741569585,1104,1.92524922626196e-5,0.20000825612632198,17.63947988934626,224.98142486597337,179.23977564739747,0.023440854434254657,0.040733605048884514,0.004387766204188596,"0.03 	(0.02, 0.04)",0.023440854434254657,0.040733605048884514,pwv,Aerobic Fitness
drop6to7,Conditional,1.2342259325202003e-5,1.9016551293607643e-5,-0.003594772258456771,1104,3.2593036551329845e-5,0.41654557826611166,11.697831666626278,51.870143808486354,47.99801279537772,-0.015051464054977409,0.007861919538063866,0.005709031139460517,"-0.00 	(-0.02, 0.01)",-0.015051464054977409,0.007861919538063866,pwv,Aerobic Fitness
freq_peak,Conditional,2.3482038271681024e-6,6.6832361251781584e-6,-0.0010533906175501306,1104,9.266260335063071e-6,0.27875584286261385,14.259766687896528,115.82293103699678,101.09155280905281,-0.007082618833208256,0.004975837598107994,0.0030440532740185528,"-0.00 	(-0.01, 0.00)",-0.007082618833208256,0.004975837598107994,pwv,Aerobic Fitness
residual_distance,Conditional,1.3892392268861567e-7,5.254173170443007e-7,-0.0014062477221267822,1104,6.782336320017779e-7,0.2253151535798164,16.252737208533322,177.2808017081372,146.7969437389867,-0.0030314695179274724,2.189740736739075e-4,8.235494107834562e-4,"-0.00 	(-0.00, 0.00)",-0.0030314695179274724,2.189740736739075e-4,pwv,Aerobic Fitness
I(handgrip * 10),Conditional,0.10652351661965254,2.734845546588144,1.3190647914590274,1107,2.852021414869762,0.04108519931536652,100.03799539094203,5331.773760966615,883.9374045082459,-1.9916600081745013,4.629789591092556,1.6887928869076165,"1.32 	(-1.99, 4.63)",-1.9916600081745013,4.629789591092556,TC,Muscle Strength
I(handgrip * 10),Conditional,0.18746256701082917,16.713717373524673,0.11182331233798881,1107,16.919926197236585,0.01218733588480964,746.148345357331,60593.34784863701,1072.2231330567306,-7.950421814046693,8.17406843872267,4.113383789197962,"0.11 	(-7.95, 8.17)",-7.950421814046693,8.17406843872267,TG,Muscle Strength
I(handgrip * 10),Conditional,0.002851793270118627,0.15368478855803788,0.4133099782906362,1107,0.15682176115516838,0.020003426654714017,313.19904450471927,22492.292007897086,1033.1595784328433,-0.3628917858570102,1.1895117424382824,0.39600727411900954,"0.41 	(-0.36, 1.19)",-0.3628917858570102,1.1895117424382824,HDLc,Muscle Strength
I(handgrip * 10),Conditional,0.24682576382226867,2.345582926750978,-0.0011517159669471734,1107,2.6170912669554736,0.1037443147790363,31.267385386731508,836.207187822342,453.3909182262349,-3.1764650163792494,3.1741615844453546,1.6177426454648074,"-0.00 	(-3.18, 3.17)",-3.1764650163792494,3.1741615844453546,LDLc,Muscle Strength
I(handgrip * 10),Conditional,0.07541751626477111,1.4123995610100257,-0.3947509955033749,1107,1.495358828901274,0.05547783333863964,65.73261319942769,2924.176121028394,769.1689582195819,-2.7924827682208635,2.002980777214113,1.2228486533096703,"-0.39 	(-2.79, 2.00)",-2.7924827682208635,2.002980777214113,ApoA1,Muscle Strength
I(handgrip * 10),Conditional,0.08692840279272372,1.4268613101632905,0.046190369232770465,1107,1.5224825532352866,0.06280613388232283,55.8996001524462,2281.5941159913314,712.2964508576068,-2.373471616775035,2.465852355240575,1.233889198119218,"0.05 	(-2.37, 2.47)",-2.373471616775035,2.465852355240575,ApoB,Muscle Strength
I(handgrip * 10),Conditional,0.0018104382465960697,0.03198069323705992,-0.3938425615654078,1107,0.033972175308315596,0.05862097593639252,61.11521477146769,2619.005561345909,744.5178279587218,-0.7552611803437383,-0.03242394278707739,0.18431542341409088,"-0.39 	(-0.76, -0.03)",-0.7552611803437383,-0.03242394278707739,hsCRP,Muscle Strength
I(handgrip * 10),Conditional,0.006689507565652604,0.15668599856736615,-0.5752853874097855,1107,0.16404445688958402,0.044856488672279475,88.13446185792107,4472.928548208647,853.9414687216433,-1.369332746246496,0.21876197142692488,0.40502402013903327,"-0.58 	(-1.37, 0.22)",-1.369332746246496,0.21876197142692488,Insulin,Muscle Strength
I(handgrip * 10),Conditional,0.07992811513858089,0.9081322100007511,0.53811879610009,1107,0.9960531366531901,0.08826931357081973,37.19401510905443,1155.1091148676614,538.1241910584407,-1.4200252858466977,2.4962628780468776,0.9980246172581065,"0.54 	(-1.42, 2.50)",-1.4200252858466977,2.4962628780468776,Glucose,Muscle Strength
I(handgrip * 10),Conditional,7.485842105982674e-5,5.118369220502748e-4,-0.023641479564143784,1107,5.941811852160842e-4,0.13858443386399644,23.665746703271164,468.6122155756455,314.0185269691589,-0.07154094485478893,0.02425798572650135,0.02437583199023336,"-0.02 	(-0.07, 0.02)",-0.07154094485478893,0.02425798572650135,NEFA,Muscle Strength
I(handgrip * 10),Conditional,67.34900465701067,159.92224725112425,-30.124896295148027,1107,234.006152373836,0.31658956130503424,13.304979577710515,89.79441539205018,80.25198304827757,-60.516520524850364,0.26672793455431076,15.297259636086327,"-30.12 	(-60.52, 0.27)",-60.516520524850364,0.26672793455431076,IL10,Muscle Strength
I(handgrip * 10),Conditional,32169.13885750473,128248.93926653112,-469.6176413503748,1107,163634.9920097863,0.21624991273956196,16.705888835470112,192.45563328252274,157.46362502069337,-1267.475983015289,328.2407003145395,404.5182220985679,"-469.62 	(-1267.48, 328.24)",-1267.475983015289,328.2407003145395,Adiponectin,Muscle Strength
I(handgrip * 10),Conditional,17093.007331727622,96197.3144496777,-512.0084961900102,1107,114999.62251457808,0.1634988676812125,20.56509210678415,336.67666059699735,246.78781726522345,-1179.061455896143,155.0444635161225,339.11594258391636,"-512.01 	(-1179.06, 155.04)",-1179.061455896143,155.0444635161225,Leptin,Muscle Strength
I(handgrip * 10),Conditional,3200.902038267149,4024.8372310106033,-214.6141503573208,1107,7545.829473104467,0.46661434036426414,11.175175857459262,41.33579987639206,38.626797937127954,-390.0018081876405,-39.22649252700111,86.86673398433066,"-214.61 	(-390.00, -39.23)",-390.0018081876405,-39.22649252700111,TNFsR,Muscle Strength
I(handgrip * 10),Conditional,5732.607242186073,12500.35267025831,-147.53165871754715,1107,18806.22063666299,0.33530756063295897,12.921875069151241,80.04898270710099,72.18214061232945,-420.43798359998993,125.37466616489564,137.1357744597047,"-147.53 	(-420.44, 125.37)",-420.43798359998993,125.37466616489564,Resistin,Muscle Strength
I(handgrip * 10),Conditional,3.578127707282909e-4,0.0016099192188272532,0.009307419699126815,1107,0.002003513266628373,0.19645192989586868,17.868299437877283,233.20073253045206,184.69360976259142,-0.07887945365479464,0.09749429305304826,0.044760621830224535,"0.01 	(-0.08, 0.10)",-0.07887945365479464,0.09749429305304826,fast.PC1,Muscle Strength
I(handgrip * 10),Conditional,2.916155228568118e-4,0.0030287231778705244,-0.045221622732715155,1107,0.0033495002530130173,0.09576863738223051,34.01863401741273,981.286655656562,495.0763811244244,-0.15879436097088132,0.06835111550545099,0.057874867196504365,"-0.05 	(-0.16, 0.07)",-0.15879436097088132,0.06835111550545099,fast.PC2,Muscle Strength
I(handgrip * 10),Conditional,2.4532339411195497e-4,0.0025881613260310358,-0.14157143609338516,1107,0.0028580170595541863,0.09442061677729961,34.542328414125485,1009.5058579498887,502.5342834624044,-0.2464777206475975,-0.03666515153917284,0.05346042517184264,"-0.14 	(-0.25, -0.04)",-0.2464777206475975,-0.03666515153917284,fast.PC3,Muscle Strength
I(handgrip * 10),Conditional,5.07117546047892e-4,0.42370288164416964,-0.4205842050639508,1107,0.4242607109448223,0.0013148266767629827,53299.55119550116,5206015.963517358,1103.3186373092042,-1.6972128935084965,0.8560444833805947,0.6513529849051298,"-0.42 	(-1.70, 0.86)",-1.6972128935084965,0.8560444833805947,adsbp,Muscle Strength
I(handgrip * 10),Conditional,4.1321171099719983e-5,0.19435533899456486,0.06835694742237494,1107,0.19440079228277454,2.338122580466433e-4,1653232.0555319146,164629612.9653137,1104.7396282409788,-0.7958089216359635,0.9325228164807134,0.4409090521669685,"0.07 	(-0.80, 0.93)",-0.7958089216359635,0.9325228164807134,addbp,Muscle Strength
I(handgrip * 10),Conditional,0.0014770484456574705,0.1653165990161322,-1.0426388239074065,1107,0.1669413523063554,0.009732479507184175,1123.9002669349784,95015.73092067678,1081.7924737566384,-1.8434600705749102,-0.24181757723990271,0.4085845717918818,"-1.04 	(-1.84, -0.24)",-1.8434600705749102,-0.24181757723990271,c_aix,Muscle Strength
I(handgrip * 10),Conditional,0.0010280162170779213,0.17876617968740652,-1.655169924602355,1107,0.17989699752619223,0.006285918355146929,2542.753568657443,227774.46629269,1092.7912828726576,-2.4864786834311943,-0.8238611657735158,0.4241426617615731,"-1.66 	(-2.49, -0.82)",-2.4864786834311943,-0.8238611657735158,c_aixhr75,Muscle Strength
I(handgrip * 10),Conditional,1.5782887292307613e-5,0.002820500463124775,-0.0311037448070604,1107,0.0028378616391463137,0.006117696431021552,2676.8274505455615,240473.18953393042,1093.2524146304736,-0.13551465595594042,0.07330716634181961,0.05327158378672736,"-0.03 	(-0.14, 0.07)",-0.13551465595594042,0.07330716634181961,pwv,Muscle Strength
